metab,rxn_id,mode
k,glycdx,+
spmd,g6pdh2r,+
for,dpr,+
acgam1p,uacmamo,+
nad,acald,+
pydx,gcaldd,+
pydx5p,gcaldd,+
pydxn,gcaldd,+
cys_L,lcadi,+
amp,gludy,+
atp,gludy,+
utp,gludy,+
asp_L,aspo6,+
adp,thd2pp,+
amp,thd2pp,+
atp,thd2pp,+
nad,ntrir2x,+
nad,ntrir2x,+
cys_L,trdr,+
cys_L,trdr,+
cys_L,trdr,+
pi,trdr,+
his_L,cat,+
pheme,nodox,+
atp,rndr1,+
atp,rndr1,+
atp,rndr1,+
atp,rndr1,+
datp,rndr1,+
datp,rndr1,+
dctp,rndr1,+
dgtp,rndr1,+
dgtp,rndr1,+
dgtp,rndr1,+
dgtp,rndr1,+
dttp,rndr1,+
dttp,rndr1,+
dttp,rndr1,+
dttp,rndr1,+
dttp,rndr1,+
h2o2,rndr1,+
cys_L,hcysmt,+
hcys_L,hcysmt,+
hom_L,hcysmt,+
cyst_L,hcysmt,+
k,mets,+
na1,mets,+
amet,mets,+
amet,mets,+
hco3,cfas160e,+
ser_L,ghmt2r,+
adn,aspct,+
atp,aspct,+
atp,aspct,+
atp,aspct,+
atp,aspct,+
atp,aspct,+
ctp,aspct,+
ctp,aspct,+
mal_L,aspct,+
succ,aspct,+
utp,aspct,+
h2o2,tkt1,+
thmpp,sephchcs,+
pyr,pta2,+
pyr,pta2,+
atp,g3pat120,+
pi,3oas121,+
oxam,obtfl,+
oxam,obtfl,+
pyr,obtfl,+
amet,obtfl,+
amet,obtfl,+
amp,glcp2,+
cit,glcs1,+
ca2,uagpt3,+
dmso,uagpt3,+
dmso,uagpt3,+
mg2,uagpt3,+
ac,adpt,+
gtp,upprt,+
gtp,upprt,+
gtp,upprt,+
prpp,gluprt,+
amet,metat,+
gln_L,adcs,+
4abz,adcs,+
adp,pfk,+
gdp,pfk,+
gdp,pfk,+
dcdp,durik1,+
dctp,durik1,+
gtp,durik1,+
cys_L,adsk,+
trdrd,adsk,+
fdp,pyk,+
fdp,pyk,+
g6p,pyk,+
pep,pyk,+
k,gsnk,+
mg2,gsnk,+
atp,tmk,+
pa160,dagk160,+
ocdcea,dagk160,+
hdca,dagk160,+
ocdca,dagk160,+
etoh,gdpdpk,+
cys_L,uglt,+
cys_L,uglt,+
2ddg6p,glgc,+
2obut,glgc,+
3pg,glgc,+
3pg,glgc,+
3pg,glgc,+
adp,glgc,+
amp,glgc,+
amp,glgc,+
fdp,glgc,+
fdp,glgc,+
fdp,glgc,+
fdp,glgc,+
fdp,glgc,+
fdp,glgc,+
f6p,glgc,+
f6p,glgc,+
f6p,glgc,+
g6p,glgc,+
g6p,glgc,+
2dr5p,glgc,+
g3p,glgc,+
hpyr,glgc,+
nadp,glgc,+
nadph,glgc,+
pep,glgc,+
pep,glgc,+
pydx5p,glgc,+
pydx5p,glgc,+
pydx5p,glgc,+
pyr,glgc,+
s17bp,glgc,+
atp,dasyn120,+
cit,fbp,+
pep,fbp,+
pep,fbp,+
pep,fbp,+
so4,fbp,+
cl,pglycp,+
mn2,mi1pp,+
atp,ampn,+
met_L,fthfd,+
pi,acoda,+
ala_D,csnd,+
hom_L,csnd,+
gly,csnd,+
asp_L,csnd,+
asp_L,csnd,+
glu_L,csnd,+
glu_L,csnd,+
gln_L,csnd,+
gln_L,csnd,+
his_L,csnd,+
his_L,csnd,+
ile_L,csnd,+
leu_L,csnd,+
orn,csnd,+
phe_L,csnd,+
ser_L,csnd,+
thr_L,csnd,+
val_L,csnd,+
cytd,cytd,+
acgam6p,g6pda,+
acgam6p,g6pda,+
acgam6p,g6pda,+
acgam6p,g6pda,+
atp,ppa,+
pg160,zn2abcpp,+
pg180,zn2abcpp,+
cys_L,zn2abcpp,+
adp,kabcpp,+
atp,kabcpp,+
aso3,aso3t8pp,+
aso3,aso3t8pp,+
adp,oxcdc,+
amp,oxcdc,+
atp,oxcdc,+
cl,asp1dc,+
fdp,ppc,+
gtp,ppc,+
accoa,ppck,+
pyr,admdc,+
pyr,admdc,+
pyr,admdc,+
pyr,psd120,+
pyr,psd120,+
pyr,psd120,+
pyr,psd120,+
lipoate,ophbdc,+
meoh,ophbdc,+
akg,fba,+
cit,fba,+
pep,fba,+
glyc3p,fba,+
pnto__r,citl,+
cys_L,altrh,+
nadph,gmand,+
ppa,mcitd,+
2pglyc,mgsa,+
dmso,aspt,+
glyc,aspt,+
asp_L,aspt,+
val_L,serd_l,+
uama,glur,+
uama,glur,+
udp,udpg4e,+
ump,udpg4e,+
uacgam,uag2e,+
uacgam,uag2e,+
r15bp,ppm2,+
r15bp,ppm2,+
etha,g1sat,+
nadph,udpgalm,+
spmd,iletrs,+
spmd,iletrs,+
spmd,argtrs,+
glyb,glns,+
inost,glns,+
pro_L,glns,+
ac,ugmdds,+
but,ugmdds,+
for,ugmdds,+
ppa,ugmdds,+
dgtp,ctps2,+
gtp,ctps2,+
gtp,ctps2,+
gtp,ctps2,+
gtp,ctps2,+
gtp,ctps2,+
gtp,ctps2,+
itp,ctps2,+
gtp,cbps,+
imp,cbps,+
imp,cbps,+
imp,cbps,+
imp,cbps,+
imp,cbps,+
imp,cbps,+
itp,cbps,+
orn,cbps,+
orn,cbps,+
orn,cbps,+
orn,cbps,+
orn,cbps,+
orn,cbps,+
acglu,cbps,+
orn,cbps,+
orn,cbps,+
orn,cbps,+
orn,cbps,+
k,cbps,+
xmp,cbps,+
btn,accoac,+
btn,accoac,+
cit,accoac,+
hom_L,hsdy,-
cys_L,hsdy,-
ser_L,hsdy,-
thr_L,hsdy,-
nadp,hsdy,-
cu2,glycdx,-
fe3,glycdx,-
zn2,glycdx,-
nadh,udpgd,-
udpglcur,udpgd,-
urea,histd,-
adp,ldh_d,-
atp,ldh_d,-
oxam,ldh_d,-
ca2,me2,-
cobalt2,me2,-
cu2,me2,-
mg2,me2,-
zn2,me2,-
pep,icdhyr,-
atp,gnd,-
fdp,gnd,-
nadph,gnd,-
atp,g6pdh2r,-
cd2,g6pdh2r,-
cobalt2,g6pdh2r,-
cu2,g6pdh2r,-
hg2,g6pdh2r,-
mn2,g6pdh2r,-
nadh,g6pdh2r,-
nadph,g6pdh2r,-
nadph,g6pdh2r,-
nadph,g6pdh2r,-
atp,manao,-
atp,manao,-
altrn,manao,-
altrn,manao,-
altrn,manao,-
mana,manao,-
nad,manao,-
atp,tagurr,-
fruur,tagurr,-
mana,tagurr,-
mn2,kara1,-
nadp,kara1,-
nadph,kara1,-
adp,g3pd2,-
adprib,g3pd2,-
amp,g3pd2,-
atp,g3pd2,-
dhap,g3pd2,-
glyc3p,g3pd2,-
g3p,g3pd2,-
2pg,g3pd2,-
glyc3p,g3pd2,-
nad,g3pd2,-
nadp,g3pd2,-
nadp,g3pd2,-
nadph,g3pd2,-
nmn,g3pd2,-
pmtcoa,g3pd2,-
pep,g3pd2,-
glyc3p,g3pd2,-
glyc3p,g3pd2,-
3pg,pgcd,-
ag,pgcd,-
ala_b,pgcd,-
gly,pgcd,-
ala_L,pgcd,-
athr_L,pgcd,-
hom_L,pgcd,-
ser_L,pgcd,-
ser_L,pgcd,-
ser_L,pgcd,-
ser_L,pgcd,-
ser_L,pgcd,-
ser_L,pgcd,-
ser_L,pgcd,-
ser_L,pgcd,-
ser_L,pgcd,-
thr_L,pgcd,-
nadh,pgcd,-
nadp,3oar121,-
man6p,sbtpd,-
adp,dpr,-
amp,dpr,-
atp,dpr,-
nadp,dpr,-
pant__r,dpr,-
pi,dpr,-
adp,impd,-
amp,impd,-
atp,impd,-
ca2,impd,-
gdp,impd,-
gmp,impd,-
gmp,impd,-
gmp,impd,-
gmp,impd,-
gtp,impd,-
mg2,impd,-
mg2,impd,-
na1,impd,-
na1,impd,-
xmp,impd,-
cu2,dxprii,-
fe2,dxprii,-
gdp,gdmane,-
nadp,gdmane,-
for,fhl,-
no3,fhl,-
no2,fhl,-
ag,abutd,-
cobalt2,abutd,-
cu2,abutd,-
fe2,abutd,-
hg2,abutd,-
k,abutd,-
mg2,abutd,-
mn2,abutd,-
na1,abutd,-
ni2,abutd,-
zn2,abutd,-
acald,betaldhx,-
betald,betaldhx,-
ca2,betaldhx,-
chol,betaldhx,-
etha,betaldhx,-
hg2,betaldhx,-
sarcs,betaldhx,-
nadp,betaldhx,-
pacald,betaldhx,-
acald,acald,-
adprib,acald,-
amp,acald,-
fald,asad,-
gthox,asad,-
k,asad,-
na1,asad,-
tungs,asad,-
fe2,gcaldd,-
gcald,gcaldd,-
glyclt,gcaldd,-
mn2,gcaldd,-
pydx,gcaldd,-
pydam,gcaldd,-
pyam5p,gcaldd,-
pydxn,gcaldd,-
pdx5p,gcaldd,-
zn2,gcaldd,-
ca2,lcadi,-
cu2,lcadi,-
cu2,lcadi,-
gcald,lcadi,-
lald_L,lcadi,-
mthgxl,lcadi,-
mg2,lcadi,-
mg2,lcadi,-
mn2,lcadi,-
zn2,lcadi,-
cu2,agpr,-
fe2,agpr,-
mn2,agpr,-
ni2,agpr,-
zn2,agpr,-
cobalt2,g5sd,-
cu2,g5sd,-
nadph,g5sd,-
ni2,g5sd,-
cobalt2,glutrr,-
ni2,glutrr,-
acald,pdh,-
accoa,pdh,-
2obut,pdh,-
hpyr,pdh,-
glx,pdh,-
lac_L,pdh,-
phpyr,pdh,-
indole,ear121x,-
pmtcoa,ear121x,-
pmtcoa,ear121y,-
adp,uapgr,-
adprib,uapgr,-
nadp,uapgr,-
nadp,uapgr,-
nadph,uapgr,-
udp,uapgr,-
uaccg,uapgr,-
uacgam,uapgr,-
ppp9,cpppgo,-
h2o2,cpppgo2,-
amp,gludy,-
ca2,gludy,-
hom_L,gludy,-
pydx5p,gludy,-
urea,gludy,-
zn2,gludy,-
adp,glusy,-
atp,glusy,-
acon_c,glusy,-
ctp,glusy,-
glu_D,glusy,-
met_D,glusy,-
gly,glusy,-
gtp,glusy,-
icit,glusy,-
itp,glusy,-
ala_L,glusy,-
asn_L,glusy,-
asp_L,glusy,-
cys_L,glusy,-
glu_L,glusy,-
glu_L,glusy,-
his_L,glusy,-
hom_L,glusy,-
mal_L,glusy,-
met_L,glusy,-
ser_L,glusy,-
nadp,glusy,-
nadp,glusy,-
nadph,glusy,-
oaa,glusy,-
pyr,glusy,-
succ,glusy,-
utp,glusy,-
pydx5p,pdx5poi,-
pydx5p,pdx5poi,-
pydx5p,pdx5poi,-
pdx5p,pdx5poi,-
asp_L,aspo6,-
nad,aspo6,-
urea,aspo6,-
nadh,p5cr,-
nadp,p5cr,-
nadph,p5cr,-
pro_L,p5cr,-
ca2,dhfr,-
cl,dhfr,-
ptrc,dhfr,-
15dap,dhfr,-
k,dhfr,-
mg2,dhfr,-
na1,dhfr,-
spmd,dhfr,-
urea,dhfr,-
atp,mthfd,-
gtp,mthfd,-
mlthf,mthfr2,-
mlthf,mthfr2,-
nadh,mthfr2,-
ca2,thd2pp,-
cobalt2,thd2pp,-
cu2,thd2pp,-
dmso,thd2pp,-
mn2,thd2pp,-
nadph,thd2pp,-
ni2,thd2pp,-
zn2,thd2pp,-
aso3,ntrir2x,-
aso3,ntrir2x,-
cyan,ntrir2x,-
cyan,ntrir2x,-
nad,ntrir2x,-
nad,ntrir2x,-
nadp,ntrir2x,-
so3,ntrir2x,-
amp,gmpr,-
atp,gmpr,-
imp,gmpr,-
cyan,no3r2bpp,-
h2s,no3r2bpp,-
aso3,sulri,-
ca2,sulri,-
cd2,sulri,-
cl,sulri,-
cyan,sulri,-
cobalt2,sulri,-
cu2,sulri,-
fe2,sulri,-
fe3,sulri,-
hg2,sulri,-
mn2,sulri,-
nadp,sulri,-
no3,sulri,-
so4,sulri,-
h2s,sulri,-
zn2,sulri,-
aso3,trdr,-
ca2,trdr,-
nadp,trdr,-
pap,papsr,-
gthox,papsr,-
h2o2,cat,-
h2o2,cat,-
h2o2,dhcindo,-
cobalt2,taudo,-
cobalt2,taudo,-
cu2,taudo,-
ni2,taudo,-
zn2,taudo,-
no,nodox,-
h2o2,spodm,-
h2s,spodm,-
zn2,feropp,-
ca2,dmpps,-
cobalt2,dmpps,-
cobalt2,dmpps,-
fe2,dmpps,-
mg2,dmpps,-
mn2,dmpps,-
ni2,dmpps,-
zn2,dmpps,-
cdp,rndr1,-
cobalt2,rndr1,-
datp,rndr1,-
datp,rndr1,-
datp,rndr1,-
datp,rndr1,-
dgtp,rndr1,-
dttp,rndr1,-
cbm,rndr1,-
gdp,rndr1,-
udp,rndr1,-
udp,rndr1,-
met_L,hcysmt,-
met_L,hcysmt,-
ahcys,hcysmt,-
amet,hcysmt,-
mlthf,tmds,-
dhf,tmds,-
glu_L,tmds,-
glyc,tmds,-
dtmp,tmds,-
ahcys,cfas160e,-
ahcys,cfas160e,-
acon_t,aconmt,-
ala_D,ghmt2r,-
urea,ghmt2r,-
coa,mohmt,-
fald,mohmt,-
fald,mohmt,-
val_L,mohmt,-
pant__r,mohmt,-
pnto__r,mohmt,-
pyr,mohmt,-
thf,mohmt,-
thf,mohmt,-
ac,aspct,-
asp_L,aspct,-
cl,aspct,-
ctp,aspct,-
ctp,aspct,-
ctp,aspct,-
ctp,aspct,-
ctp,aspct,-
ctp,aspct,-
ctp,aspct,-
ctp,aspct,-
ctp,aspct,-
cytd,aspct,-
dctp,aspct,-
ppi,aspct,-
fum,aspct,-
gtp,aspct,-
gtp,aspct,-
ins,aspct,-
itp,aspct,-
asp_L,aspct,-
mal_L,aspct,-
succ,aspct,-
utp,aspct,-
utp,aspct,-
utp,aspct,-
utp,aspct,-
utp,aspct,-
utp,aspct,-
utp,aspct,-
aso4,ocbt,-
gly,ocbt,-
ala_L,ocbt,-
asn_L,ocbt,-
ile_L,ocbt,-
leu_L,ocbt,-
lys_L,ocbt,-
ser_L,ocbt,-
val_L,ocbt,-
met_L,ocbt,-
orn,ocbt,-
pi,ocbt,-
ara5p,tkt1,-
urea,tkt1,-
ara5p,tala,-
lald_D,tala,-
ppi,tala,-
pi,tala,-
so4,tala,-
2obut,achbs,-
glx,achbs,-
hpyr,achbs,-
ile_L,achbs,-
ile_L,achbs,-
leu_L,achbs,-
leu_L,achbs,-
leu_L,achbs,-
leu_L,achbs,-
val_L,achbs,-
val_L,achbs,-
val_L,achbs,-
val_L,achbs,-
val_L,achbs,-
val_L,achbs,-
val_L,achbs,-
val_L,achbs,-
glyald,dxps,-
g3p,dxps,-
pyr,dxps,-
arg_L,acgs,-
arg_L,acgs,-
cd2,acgs,-
coa,acgs,-
cu2,acgs,-
hg2,acgs,-
citr_L,acgs,-
acglu,acgs,-
acglu,acgs,-
zn2,acgs,-
aacoa,acact1r,-
ca2,g3pat120,-
mg2,g3pat120,-
ocdcea,g3pat120,-
hdcea,g3pat120,-
pmtcoa,g3pat120,-
pi,g3pat120,-
atp,serat,-
coa,serat,-
cys_L,serat,-
cys_L,serat,-
gly,serat,-
gly,serat,-
ala_L,serat,-
cys_L,serat,-
cys_L,serat,-
ser_L,serat,-
accoa,3oas121,-
urea,3oas121,-
met_D,hsst,-
met_L,hsst,-
met_L,hsst,-
amet,hsst,-
amet,hsst,-
8aonn,aoxsr2,-
cys_L,aoxsr2,-
o2,obtfl,-
for,obtfl,-
ahcys,obtfl,-
coa,maltatr,-
u3aga,uagaat,-
uacgam,uagaat,-
acgam1p,g1pact,-
uamr,g1pact,-
cinnm,kas15,-
ca2,u23gaat,-
mg2,u23gaat,-
dcacoa,edtxs1,-
tdcoa,edtxs1,-
oxa,mals,-
pyr,mals,-
pyr,mals,-
akg,cs,-
nadh,cs,-
nadh,cs,-
oaa,cs,-
adpglc,glcp2,-
ag,glcp2,-
aso4,glcp2,-
ca2,glcp2,-
cyan,glcp2,-
cu2,glcp2,-
glc_D,glcp2,-
fe2,glcp2,-
g1p,glcp2,-
hg2,glcp2,-
dtdpglu,glcp2,-
udpg,glcp2,-
zn2,glcp2,-
meoh,uagpt3,-
ni2,uagpt3,-
udp,uagpt3,-
udp,uagpt3,-
zn2,uagpt3,-
adn,punp1,-
dad_2,punp1,-
gua,punp1,-
pi,pynp2r,-
r1p,pynp2r,-
ura,pynp2r,-
uri,pynp2r,-
r1p,duripp,-
so4,duripp,-
uri,duripp,-
xan,duripp,-
amp,adpt,-
imp,adpt,-
ca2,adpt,-
ppgpp,adpt,-
zn2,adpt,-
prpp,upprt,-
dutp,upprt,-
ade,orpt,-
adn,orpt,-
adp,orpt,-
amp,orpt,-
atp,orpt,-
utp,orpt,-
zn2,orpt,-
adp,gluprt,-
amp,gluprt,-
amp,gluprt,-
gdp,gluprt,-
gmp,gluprt,-
gmp,gluprt,-
gtp,gluprt,-
imp,gluprt,-
xmp,gluprt,-
amp,atpprt,-
amp,atpprt,-
atp,atpprt,-
his_L,atpprt,-
his_L,atpprt,-
trp_L,anprt,-
trp_L,anprt,-
fdp,nndpr,-
ppi,nndpr,-
nicrnt,nndpr,-
lipa,moat,-
lipa,moat2,-
actp,tmppp,-
actp,tmppp,-
adp,tmppp,-
adp,tmppp,-
atp,tmppp,-
atp,tmppp,-
ctp,tmppp,-
ctp,tmppp,-
ppi,tmppp,-
ppi,tmppp,-
gtp,tmppp,-
gtp,tmppp,-
pep,tmppp,-
pep,tmppp,-
utp,tmppp,-
utp,tmppp,-
ppi,metat,-
gtp,metat,-
pi,metat,-
amet,metat,-
pppi,metat,-
pppi,metat,-
cobalt2,uagcvt,-
cu2,uagcvt,-
fe2,uagcvt,-
uamr,uagcvt,-
uamr,uagcvt,-
uamr,uagcvt,-
uama,uagcvt,-
uamag,uagcvt,-
ugmda,uagcvt,-
zn2,uagcvt,-
dhpt,dhps2,-
5mta,apcs,-
ametam,apcs,-
spmd,apcs,-
spmd,apcs,-
3psme,pscvt,-
pep,pscvt,-
pyr,pscvt,-
ca2,hbzopt,-
cd2,hbzopt,-
cu2,hbzopt,-
fe2,hbzopt,-
zn2,hbzopt,-
2pg,ddpa,-
2dda7p,ddpa,-
cyan,ddpa,-
cu2,ddpa,-
e4p,ddpa,-
fdp,ddpa,-
s17bp,ddpa,-
s7p,ddpa,-
fe2,ddpa,-
phe_L,ddpa,-
phe_L,ddpa,-
phe_L,ddpa,-
phe_L,ddpa,-
phe_L,ddpa,-
phe_L,ddpa,-
pi,ddpa,-
trp_L,ddpa,-
tyr_L,ddpa,-
tyr_L,ddpa,-
tyr_L,ddpa,-
tyr_L,ddpa,-
cd2,kdops,-
cd2,kdops,-
cu2,kdops,-
cu2,kdops,-
hg2,kdops,-
hg2,kdops,-
pi,kdops,-
zn2,kdops,-
zn2,kdops,-
h2o2,qulns,-
o2,qulns,-
cu2,acota,-
orn,acota,-
sbt6p,gf6pta,-
gam6p,gf6pta,-
gam6p,gf6pta,-
1pyr5c,gf6pta,-
23dappa,gf6pta,-
akg,sdpta,-
akg,abta,-
succ,abta,-
cyan,spmdat2,-
akg,ileta,-
akg,ileta,-
akg,ileta,-
8aonn,amaotr,-
8aonn,amaotr,-
8aonn,amaotr,-
ade,amaotr,-
adn,amaotr,-
adn,amaotr,-
ahcys,amaotr,-
ala_L,vpamtr,-
ala_L,vpamtr,-
leu_L,vpamtr,-
leu_L,vpamtr,-
atp,pfk,-
atp,pfk,-
atp,pfk,-
cit,pfk,-
cit,pfk,-
cit,pfk,-
f1p,pfk,-
f6p,pfk,-
pep,pfk,-
pep,pfk,-
pep,pfk,-
atp,rbk,-
atp,rbk,-
rib_D,rbk,-
mg2,rbk,-
ade,durik1,-
ac,durik1,-
cl,durik1,-
dttp,durik1,-
dttp,durik1,-
k,durik1,-
na1,durik1,-
nadh,nadk,-
nadh,nadk,-
nadp,nadk,-
nadph,nadk,-
nadph,nadk,-
aps,adsk,-
adp,adsk,-
atp,adsk,-
cd2,adsk,-
cobalt2,adsk,-
fad,adsk,-
mn2,adsk,-
gthox,adsk,-
adp,glyk,-
atp,glyk,-
fdp,glyk,-
fdp,glyk,-
fdp,glyk,-
fdp,glyk,-
fdp,glyk,-
fdp,glyk,-
glyc3p,glyk,-
aacoa,pntk,-
accoa,pntk,-
adp,pntk,-
amp,pntk,-
coa,pntk,-
coa,pntk,-
coa,pntk,-
coa,pntk,-
dpcoa,pntk,-
malcoa,pntk,-
pmtcoa,pntk,-
pan4p,pntk,-
succoa,pntk,-
aspsa,hsk,-
cys_L,hsk,-
glu_L,hsk,-
hcys_L,hsk,-
hom_L,hsk,-
hom_L,hsk,-
hom_L,hsk,-
ile_L,hsk,-
met_L,hsk,-
ser_L,hsk,-
thr_L,hsk,-
thr_L,hsk,-
thr_L,hsk,-
val_L,hsk,-
pser_L,hsk,-
pydx5p,hsk,-
ca2,pyk,-
mn2,ddglk,-
ctp,cytdk2,-
utp,cytdk2,-
4ahmmp,hmpk1,-
pydxn,hmpk1,-
adp,fruk,-
fdp,fruk,-
adp,acgamk,-
g6p,treptspp,-
glc_D,treptspp,-
mnl1p,treptspp,-
cu2,gsnk,-
gdp,gsnk,-
gtp,gsnk,-
zn2,gsnk,-
ca2,dagk160,-
glu_L,aspk,-
hom_L,aspk,-
lys_L,aspk,-
lys_L,aspk,-
mal_L,aspk,-
thr_L,aspk,-
thr_L,aspk,-
succ,aspk,-
arg_L,acgk,-
atp,acgk,-
adp,glu5k,-
pro_L,glu5k,-
pro_L,glu5k,-
amp,adk1,-
ap5a,adk1,-
ap5a,adk1,-
ap5a,adk1,-
dctp,dtmpk,-
dttp,dtmpk,-
dump,dtmpk,-
adp,tmpk,-
amp,tmpk,-
ppi,tmpk,-
na1,tmpk,-
thm,tmpk,-
adp,prpps,-
adp,prpps,-
ca2,prpps,-
ca2,prpps,-
coa,ptpati,-
dpcoa,ptpati,-
ppi,ptpati,-
pan4p,ptpati,-
dtdpglu,galui,-
dtdprmn,galui,-
gal1p,uglt,-
gal1p,uglt,-
g1p,uglt,-
udpgal,uglt,-
udpgal,uglt,-
udpg,uglt,-
nad,nmnat,-
uacgam,uagdp,-
dtdpglu,g1ptt,-
dttp,g1ptt,-
adp,glgc,-
adp,glgc,-
amp,glgc,-
amp,glgc,-
gtp,glgc,-
pi,glgc,-
pi,glgc,-
pi,glgc,-
pep,glgc,-
tre6p,glgc,-
ppi,kdoct2,-
hg2,kdoct2,-
ctp,dasyn120,-
ctp,dasyn120,-
dctp,dasyn120,-
ctp,mepct,-
cu2,lipatpt,-
ca2,pgsa120,-
glyc3p,pgsa120,-
mg2,pgsa120,-
apoacp,acps1,-
apoacp,acps1,-
akg,pps,-
g3p,pps,-
g3p,pps,-
adp,pps,-
adpglc,pps,-
amp,pps,-
atp,pps,-
ca2,pps,-
mg2,pps,-
mn2,pps,-
oaa,pps,-
pep,pps,-
amp,selnps,-
h2o2,selnps,-
na1,selnps,-
pi,selnps,-
selnp,selnps,-
zn2,selnps,-
zn2,selnps,-
cyan,cyanst,-
so3,cyanst,-
tsul,cyanst,-
cyan,mcpst,-
cys_L,mcpst,-
pyr,mcpst,-
accoa,forct,-
coa,forct,-
oxa,forct,-
fe2,lplipal1a120pp,-
fe3,lplipal1a120pp,-
amp,ntd10,-
adp,ntd10,-
atp,ntd10,-
atp,ntd10,-
ctp,ntd10,-
datp,ntd10,-
dctp,ntd10,-
dgtp,ntd10,-
dttp,ntd10,-
gtp,ntd10,-
itp,ntd10,-
dttp,ntd10,-
utp,ntd10,-
atp,3ntd2pp,-
ctp,3ntd2pp,-
datp,3ntd2pp,-
dctp,3ntd2pp,-
dgtp,3ntd2pp,-
dttp,3ntd2pp,-
gtp,3ntd2pp,-
itp,3ntd2pp,-
dttp,3ntd2pp,-
utp,3ntd2pp,-
mg2,bpnt,-
adp,fbp,-
amp,fbp,-
amp,fbp,-
amp,fbp,-
amp,fbp,-
amp,fbp,-
atp,fbp,-
atp,fbp,-
fdp,fbp,-
f1p,fbp,-
g6p,fbp,-
fdp,fbp,-
pi,fbp,-
pi,fbp,-
pep,fbp,-
ca2,histp,-
ca2,mi1pp,-
mg2,mi1pp,-
hg2,pgpp120,-
pi,pgpp120,-
pi,pgpp120,-
ca2,kdopp,-
cd2,kdopp,-
cl,kdopp,-
cu2,kdopp,-
hg2,kdopp,-
adp,ntd1,-
atp,ntd1,-
ctp,ntd1,-
datp,ntd1,-
dctp,ntd1,-
dgtp,ntd1,-
dttp,ntd1,-
gtp,ntd1,-
itp,ntd1,-
dttp,ntd1,-
utp,ntd1,-
amp,23pde2pp,-
pi,23pde2pp,-
zn2,23pde2pp,-
zn2,23pde2pp,-
mg2,gpdda1,-
mn2,gpdda1,-
dgtp,ntptp1,-
gtp,ntptp1,-
cu2,mltg1,-
hg2,mltg1,-
k,mltg1,-
ag,lacz,-
ca2,lacz,-
hco3,lacz,-
cd2,lacz,-
cl,lacz,-
cit,lacz,-
cit,lacz,-
cu2,lacz,-
gal,lacz,-
etha,lacz,-
fe2,lacz,-
hg2,lacz,-
zn2,lacz,-
k,treh,-
na1,treh,-
camp,ab6pgh,-
amp,ab6pgh,-
atp,ab6pgh,-
cmp,ab6pgh,-
glyc3p,ab6pgh,-
fdp,ab6pgh,-
nadh,ab6pgh,-
pep,ab6pgh,-
pi,ampn,-
pi,ampn,-
so4,ampn,-
5mta,ahcysns,-
ade,ahcysns,-
ade,ahcysns,-
ade,ahcysns,-
adn,ahcysns,-
ahcys,ahcysns,-
ahcys,ahcysns,-
cobalt2,amptasecg,-
cys_L,amptasecg,-
mn2,amptasecg,-
fald,mddcp1pp,-
gly,fthfd,-
ac,acoda,-
cu2,acoda,-
ni2,acoda,-
orn,acoda,-
zn2,acoda,-
ac,agdc,-
ac,agdc,-
f6p,agdc,-
gam6p,agdc,-
gam6p,agdc,-
acgam6p,agdc,-
zn2,uhgada,-
zn2,uhgada,-
arg_L,agmt,-
cobalt2,agmt,-
ni2,agmt,-
orn,agmt,-
ptrc,agmt,-
ptrc,agmt,-
ptrc,agmt,-
zn2,agmt,-
ag,csnd,-
cu2,csnd,-
cu2,csnd,-
h2o2,csnd,-
hg2,csnd,-
zn2,csnd,-
zn2,csnd,-
mn2,add,-
adn,cytd,-
adn,cytd,-
cu2,cytd,-
dad_2,cytd,-
dad_2,cytd,-
dad_2,cytd,-
dgsn,cytd,-
dgsn,cytd,-
duri,cytd,-
duri,cytd,-
fe2,cytd,-
fe3,cytd,-
gsn,cytd,-
gsn,cytd,-
uri,cytd,-
urea,cytd,-
uri,cytd,-
uri,cytd,-
uri,cytd,-
zn2,cytd,-
dttp,dctpd,-
adp,gtpci,-
atp,gtpci,-
atp,gtpci,-
cu2,gtpci,-
dgtp,gtpci,-
dgtp,gtpci,-
fe2,gtpci,-
hg2,gtpci,-
mn2,gtpci,-
pi,gtpci,-
pi,gtpci,-
dttp,gtpci,-
utp,gtpci,-
utp,gtpci,-
ppi,gtpcii2,-
ppi,gtpcii2,-
ppi,gtpcii2,-
ppi,gtpcii2,-
pi,gtpcii2,-
f6p,g6pda,-
zn2,g6pda,-
atp,ppa,-
cynt,ppa,-
ppi,ppa,-
atp,ntpp1,-
ctp,ntpp1,-
datp,ntpp1,-
dctp,ntpp1,-
dgtp,ntpp1,-
dttp,ntpp1,-
utp,ntpp1,-
3pg,gdpmnp,-
adp,gdpmnp,-
amp,gdpmnp,-
atp,gdpmnp,-
ppi,gdpmnp,-
mg2,dutpdp,-
adp,cdappa120,-
amp,cdappa120,-
atp,cdappa120,-
camp,cdappa120,-
cmp,cdappa120,-
gmp,cdappa120,-
ump,cdappa120,-
cu2,ap4ah,-
fe2,ap4ah,-
zn2,ap4ah,-
zn2,ap4ah,-
adpglc,udpgalppp,-
dhpmp,dntppa,-
ppi,dntppa,-
dttp,dntppa,-
mn2,mg2uabcpp,-
cd2,zn2abcpp,-
cu2,zn2abcpp,-
adp,kabcpp,-
ca2,kabcpp,-
na1,kabcpp,-
adp,atps4rpp,-
ca2,atps4rpp,-
ppi,atps4rpp,-
hg2,atps4rpp,-
pi,atps4rpp,-
atp,aso3t8pp,-
pydx5p,glyc3pabcpp,-
spmd,ptrcabcpp,-
spmd,ptrcabcpp,-
accoa,oxcdc,-
coa,oxcdc,-
cd2,asp1dc,-
cu2,asp1dc,-
fe2,asp1dc,-
hg2,asp1dc,-
zn2,asp1dc,-
gdp,lysdc,-
gtp,lysdc,-
ppgpp,lysdc,-
ppgpp,lysdc,-
gdptp,lysdc,-
ag,argdc,-
agm,argdc,-
citr_L,argdc,-
citr_L,argdc,-
arg_L,argdc,-
lys_L,argdc,-
orn,argdc,-
pydx,argdc,-
spmd,argdc,-
urea,argdc,-
23dappa,dapdc,-
glu_L,dapdc,-
lys_L,dapdc,-
lys_L,dapdc,-
ump,ompdc,-
xmp,ompdc,-
asp_L,ppc,-
cit,ppc,-
cys_L,ppc,-
fum,ppc,-
succ,ppc,-
pydx,ppcdc,-
pydx5p,ppcdc,-
atp,ppck,-
fdp,ppck,-
f6p,ppck,-
dhap,ppck,-
3pg,ppck,-
mg2,ppck,-
nadh,ppck,-
oxa,ppck,-
ametam,admdc,-
ametam,admdc,-
cyan,admdc,-
amet,admdc,-
6pgc,kg6pdc,-
ppal,drpa,-
3pg,fba,-
cys_L,fba,-
dhap,fba,-
ppi,fba,-
g3p,fba,-
g3p,fba,-
dhap,fba,-
ni2,fba,-
mthgxl,fclpa,-
zn2,fclpa,-
cobalt2,rmpa,-
cobalt2,rmpa,-
ni2,rmpa,-
ni2,rmpa,-
pi,rmpa,-
so4,rmpa,-
cyan,glcral,-
ppi,glcral,-
6hmhpt,dhnpa2r,-
dhf,dhnpa2r,-
dhf,dhnpa2r,-
dhpt,dhnpa2r,-
akg,icl,-
3pg,icl,-
ca2,icl,-
cl,icl,-
glyclt,icl,-
glyclt,icl,-
glx,icl,-
oxa,icl,-
pi,icl,-
pep,icl,-
pep,icl,-
so4,icl,-
succ,icl,-
ag,acnml,-
cu2,acnml,-
cu2,acnml,-
cu2,acnml,-
dha,acnml,-
fe2,acnml,-
hg2,acnml,-
hg2,acnml,-
h2o2,acnml,-
mn2,acnml,-
pyr,acnml,-
pyr,acnml,-
zn2,acnml,-
oaa,citl,-
trp_L,ans,-
trp_L,ans,-
4hbz,ans,-
2obut,hopntal,-
4mop,hopntal,-
glx,hopntal,-
pyr,hopntal,-
4hbz,chrpl,-
ala_L,trpas2,-
ala_L,trpas2,-
ala_L,trpas2,-
ala_L,trpas2,-
ala_L,trpas2,-
met_L,trpas2,-
met_L,trpas2,-
phe_L,trpas2,-
trp_L,trpas2,-
trp_L,trpas2,-
trp_L,trpas2,-
met_L,trpas2,-
phe_L,trpas2,-
tartr_L,fum,-
acon_c,fum,-
cit,fum,-
glyc,fum,-
acon_t,fum,-
glcr,altrh,-
fe2,altrh,-
cu2,dhad1,-
no,dhad1,-
no,dhad1,-
ac,dhqti,-
cl,dhqti,-
cu2,dhqti,-
tartr_D,dhqti,-
fe2,dhqti,-
succ,dhqti,-
zn2,dhqti,-
h2o2,edd,-
o2,edd,-
glc_D,ppbngs,-
xyl_D,ppbngs,-
cobalt2,glcrd,-
galct_D,glcrd,-
mn2,glcrd,-
cit,galctd,-
ppi,galctd,-
pi,galctd,-
ag,tdpgdh,-
dtdp,tdpgdh,-
dttp,tdpgdh,-
gdp,gmand,-
gdpfuc,gmand,-
gdpfuc,gmand,-
4hthr,4hthrs,-
4hthr,4hthrs,-
2pg,mgsa,-
2pglyc,mgsa,-
3pg,mgsa,-
aso4,mgsa,-
ppi,mgsa,-
pi,mgsa,-
pi,mgsa,-
pep,mgsa,-
2dda7p,dhqs,-
fe2,chors,-
aspsa,aspt,-
aspsa,aspt,-
mal_D,aspt,-
dmso,aspt,-
etoh,aspt,-
mal_L,aspt,-
meoh,aspt,-
na1,aspt,-
pser_L,aspt,-
2pglyc,aspt,-
succ,aspt,-
succ,aspt,-
appl,ethaal,-
urea,ethaal,-
ala_L,serd_d,-
23dappa,serd_d,-
gly,serd_d,-
gly,serd_d,-
23dappa,serd_d,-
ala_L,serd_d,-
ser_L,serd_d,-
ile_L,serd_l,-
ile_L,serd_l,-
ile_L,serd_l,-
ile_L,serd_l,-
ile_L,serd_l,-
ile_L,serd_l,-
pyr,serd_l,-
pyr,serd_l,-
cys_L,cysds,-
cys_L,cysdds,-
zn2,cysdds,-
adp,adncyc,-
atp,adncyc,-
ca2,adncyc,-
cobalt2,adncyc,-
ppi,adncyc,-
gtp,adncyc,-
pydx5p,adncyc,-
zn2,adncyc,-
ump,udpg4e,-
dtdpglu,udpg4e,-
nadh,udpg4e,-
nadh,udpg4e,-
gcald,rbp4e,-
adp,agmhe,-
adpglc,agmhe,-
adpglc,agmhe,-
atp,agmhe,-
nadh,agmhe,-
2pglyc,tpi,-
cd2,fci,-
mn2,arai,-
glc_D,xyli1,-
6pgc,rpi,-
amp,rpi,-
ara5p,rpi,-
f6p,rpi,-
pi,rpi,-
mnl1p,man6pi,-
6pgc,pgi,-
cu2,gui1,-
cys_L,gui1,-
zn2,gui1,-
cd2,a5piso,-
cd2,a5piso,-
cd2,a5piso,-
cd2,a5piso,-
cobalt2,a5piso,-
cu2,a5piso,-
cu2,a5piso,-
4per,a5piso,-
hg2,a5piso,-
hg2,a5piso,-
hg2,a5piso,-
hg2,a5piso,-
mn2,a5piso,-
ni2,a5piso,-
zn2,a5piso,-
zn2,a5piso,-
zn2,a5piso,-
zn2,a5piso,-
zn2,a5piso,-
zn2,a5piso,-
zn2,a5piso,-
2cpr5p,praii,-
ca2,ppm2,-
cd2,ppm2,-
cu2,ppm2,-
fe3,ppm2,-
pi,ppm2,-
so4,ppm2,-
zn2,ppm2,-
ca2,pgamt,-
mn2,pgamt,-
zn2,pgamt,-
phe_L,chorm,-
tyr_L,chorm,-
pphn,chorm,-
pphn,chorm,-
amp,tyrtrs,-
cl,tyrtrs,-
ppi,tyrtrs,-
so4,tyrtrs,-
h2o2,thrtrs,-
zn2,thrtrs,-
datp,leutrs,-
adn,leutrs,-
adp,leutrs,-
amp,leutrs,-
itp,leutrs,-
ppi,iletrs,-
15dap,lystrs,-
mg2,lystrs,-
orn,lystrs,-
zn2,lystrs,-
urea,alatrs,-
adn,mettrs,-
ppi,sertrs,-
cys_L,cystrs,-
atp,argtrs,-
citr_L,argtrs,-
orn,argtrs,-
zn2,phetrs,-
zn2,phetrs,-
ppi,histrs,-
histd,histrs,-
mg2,histrs,-
akg,sucoas,-
adp,sucoas,-
atp,sucoas,-
nadh,sucoas,-
succ,sucoas,-
fe2,sucbzl,-
hg2,sucbzl,-
mg2,sucbzl,-
asp_L,asns2,-
amp,glns,-
amp,glns,-
ctp,glns,-
ctp,glns,-
gam6p,glns,-
gly,glns,-
his_L,glns,-
metsox_s_L,glns,-
ser_L,glns,-
trp_L,glns,-
trp_L,glns,-
adn,nads1,-
mg2,nads1,-
mn2,nads1,-
23dappa,pants,-
3hpp,pants,-
4abut,pants,-
4abut,pants,-
ag,pants,-
amp,pants,-
asp_L,pants,-
asp_L,pants,-
ca2,pants,-
cobalt2,pants,-
cu2,pants,-
cys_L,pants,-
ppi,pants,-
fe2,pants,-
fe2,pants,-
glcn,pants,-
glyclt,pants,-
hg2,pants,-
ala_L,pants,-
val_L,pants,-
val_L,pants,-
mg2,pants,-
mn2,pants,-
ni2,pants,-
ni2,pants,-
pnto__r,pants,-
taur,pants,-
taur,pants,-
zn2,pants,-
hg2,glucys,-
indole,alaalar,-
alaala,alaalar,-
gly,alaalar,-
imp,prascsi,-
adp,uamas,-
gly,uamas,-
cys_L,uamas,-
lac_L,uamas,-
ser_L,uamas,-
uama,uamas,-
glu_L,uamags,-
uamag,uamags,-
ac,ugmdds,-
but,ugmdds,-
for,ugmdds,-
ppa,ugmdds,-
but,uaagds,-
dhf,dhfs,-
dhpt,dhfs,-
adp,prais,-
pi,prais,-
ade,dbts,-
adp,dbts,-
adp,dbts,-
amp,dbts,-
dtbt,dbts,-
dgtp,ctps2,-
dgsn,ctps2,-
ade,ctps2,-
adn,ctps2,-
cobalt2,ctps2,-
ctp,ctps2,-
ctp,ctps2,-
cu2,ctps2,-
1pyr5c,ctps2,-
gdp,ctps2,-
gmp,ctps2,-
gtp,ctps2,-
gtp,ctps2,-
gtp,ctps2,-
gsn,ctps2,-
ins,ctps2,-
itp,ctps2,-
mn2,ctps2,-
ni2,ctps2,-
so4,ctps2,-
ura,ctps2,-
urate,ctps2,-
uri,ctps2,-
xan,ctps2,-
xtsn,ctps2,-
zn2,ctps2,-
fum,adss,-
gdp,adss,-
gdp,adss,-
ppgpp,adss,-
imp,adss,-
no3,adss,-
succ,adss,-
succ,adss,-
ribflv,airc2,-
dad_2,gmps2,-
adn,gmps2,-
adn,gmps2,-
adp,gmps2,-
ppi,gmps2,-
gmp,gmps2,-
xmp,gmps2,-
glu_L,prfgs,-
asn_L,asns1,-
asp_L,asns1,-
ppi,asns1,-
h2o2,cbps,-
imp,cbps,-
imp,cbps,-
ap5a,cbps,-
udp,cbps,-
ump,cbps,-
ump,cbps,-
ump,cbps,-
ump,cbps,-
ump,cbps,-
ump,cbps,-
ump,cbps,-
ump,cbps,-
ump,cbps,-
ump,cbps,-
ump,cbps,-
ump,cbps,-
urea,cbps,-
utp,cbps,-
utp,cbps,-
utp,cbps,-
pep,icdhyr,-
nadph,g6pdh2r,-
nadph,g6pdh2r,-
nadph,g6pdh2r,-
nadph,g6pdh2r,-
nadph,g6pdh2r,-
nadph,kara1,-
glyc3p,g3pd2,-
adprib,g3pd2,-
nad,g3pd2,-
nadp,g3pd2,-
adp,g3pd2,-
amp,g3pd2,-
atp,dpr,-
adp,dpr,-
amp,dpr,-
pi,dpr,-
gmp,impd,-
gdp,gdmane,-
nadp,gdmane,-
for,fhl,-
pacald,betaldhx,-
acald,betaldhx,-
chol,betaldhx,-
etha,betaldhx,-
sarcs,betaldhx,-
acald,acald,-
tungs,asad,-
glyclt,gcaldd,-
gcald,gcaldd,-
gcald,gcaldd,-
glyclt,gcaldd,-
glyclt,gcaldd,-
pydxn,gcaldd,-
gcald,gcaldd,-
nadph,g5sd,-
glx,pdh,-
hpyr,pdh,-
2obut,pdh,-
indole,ear121x,-
pmtcoa,ear121x,-
pydx5p,pdx5poi,-
pydx5p,pdx5poi,-
pdx5p,pdx5poi,-
mlthf,mthfr2,-
mlthf,mthfr2,-
cyan,no3r2bpp,-
cyan,sulri,-
aso3,sulri,-
nadp,trdr,-
gdp,rndr1,-
udp,rndr1,-
ahcys,cfas160e,-
ctp,aspct,-
ppi,aspct,-
ppi,aspct,-
cl,aspct,-
succ,aspct,-
fum,aspct,-
asp_L,aspct,-
asp_L,aspct,-
leu_L,ocbt,-
ala_L,ocbt,-
val_L,ocbt,-
ile_L,ocbt,-
gly,ocbt,-
met_L,ocbt,-
ser_L,ocbt,-
asn_L,ocbt,-
glyald,dxps,-
cys_L,serat,-
oxa,mals,-
oxa,mals,-
pyr,mals,-
nadh,cs,-
oaa,cs,-
akg,cs,-
aso4,glcp2,-
adpglc,glcp2,-
dtdpglu,glcp2,-
udpg,glcp2,-
glc_D,glcp2,-
uri,duripp,-
amp,gluprt,-
tyr_L,ddpa,-
1pyr5c,gf6pta,-
gam6p,gf6pta,-
sbt6p,gf6pta,-
succ,abta,-
8aonn,amaotr,-
8aonn,amaotr,-
aps,adsk,-
hom_L,hsk,-
glu_L,hsk,-
thr_L,hsk,-
cys_L,hsk,-
thr_L,hsk,-
cys_L,hsk,-
thr_L,hsk,-
hom_L,hsk,-
pser_L,hsk,-
hom_L,hsk,-
hcys_L,hsk,-
ile_L,hsk,-
val_L,hsk,-
ser_L,hsk,-
met_L,hsk,-
pydxn,hmpk1,-
4ahmmp,hmpk1,-
adp,fruk,-
fdp,fruk,-
thr_L,aspk,-
hom_L,aspk,-
mal_L,aspk,-
glu_L,aspk,-
succ,aspk,-
atp,acgk,-
adp,glu5k,-
ca2,prpps,-
ca2,prpps,-
ca2,prpps,-
ca2,prpps,-
adp,prpps,-
pan4p,ptpati,-
coa,ptpati,-
coa,ptpati,-
coa,ptpati,-
coa,ptpati,-
ppi,ptpati,-
dpcoa,ptpati,-
pan4p,ptpati,-
dpcoa,ptpati,-
amp,glgc,-
amp,glgc,-
amp,glgc,-
amp,glgc,-
ctp,dasyn120,-
ctp,dasyn120,-
dctp,dasyn120,-
ctp,mepct,-
apoacp,acps1,-
apoacp,acps1,-
amp,selnps,-
oxa,forct,-
adp,ntd10,-
datp,ntd10,-
atp,ntd10,-
amp,ntd10,-
atp,ntd10,-
atp,3ntd2pp,-
amp,fbp,-
pi,fbp,-
f1p,fbp,-
amp,23pde2pp,-
gal,lacz,-
gal,lacz,-
ahcys,ahcysns,-
ade,ahcysns,-
ppi,gtpcii2,-
atp,aso3t8pp,-
atp,aso3t8pp,-
coa,oxcdc,-
ppgpp,lysdc,-
ppgpp,lysdc,-
ppgpp,lysdc,-
ump,ompdc,-
dhap,fba,-
cobalt2,rmpa,-
pep,icl,-
4hbz,ans,-
glx,hopntal,-
2obut,hopntal,-
pyr,hopntal,-
4mop,hopntal,-
4hbz,chrpl,-
trp_L,trpas2,-
met_L,trpas2,-
ala_L,trpas2,-
phe_L,trpas2,-
4hthr,4hthrs,-
mal_D,aspt,-
23dappa,serd_d,-
23dappa,serd_d,-
ser_L,serd_d,-
gly,serd_d,-
ala_L,serd_d,-
cys_L,cysdds,-
2pglyc,tpi,-
pi,rpi,-
ppi,tyrtrs,-
ppi,tyrtrs,-
ppi,tyrtrs,-
amp,tyrtrs,-
amp,tyrtrs,-
amp,tyrtrs,-
glu_L,glntrs,-
metsox_s_L,glns,-
imp,prascsi,-
imp,prascsi,-
imp,prascsi,-
imp,prascsi,-
ade,dbts,-
ctp,ctps2,-
ctp,ctps2,-
gtp,ctps2,-
gtp,ctps2,-
gtp,ctps2,-
dgtp,ctps2,-
glu5sa,ctps2,-
itp,ctps2,-
succ,adss,-
succ,adss,-
gmp,gmps2,-
ump,cbps,-
10fthf,mthfd,-
10fthf,mthfc,-
2ddg6p,glcral,-
3mob,valta,-
akg,pps,-
akg,fba,+
akg,cs,-
akg,pthrpp,+
akg,sdpta,-
akg,icl,-
2obut,ldh_d,+
2obut,achbs,-
2pg,ddpa,-
pap,papsr,-
2dda7p,ddpa,-
2dda7p,dhqs,-
3psme,pscvt,-
pser_L,orndc,-
pppn,phetrs,-
3sala,asns1,-
4ppan,ppncl2,-
phthr,4hthrs,-
5mthf,dhfs,-
pram,pragsr,-
air,prais,-
dhpt,dhps2,-
dhpt,dhfs,-
8aonn,amaotr,-
ac,cyanst,-
ac,dhqti,-
ac,agdc,-
ac,acoda,-
ac,glcral,-
acald,betaldhx,-
aacoa,acact1r,-
accoa,cs,+
accoa,3oar100,-
accoa,ppc,+
accoa,me2,-
accoa,forct,-
actp,me2,+
actp,tmppp,-
ade,amaotr,-
adn,mettrs,-
adn,nads1,-
adn,punp1,-
adn,amaotr,-
adprib,acald,-
ahcys,cfas160e,-
ahcys,aconmt,-
adp,pps,-
adp,gluprt,-
adp,ntd1,-
adp,glyk,-
adp,sucoas,+
adp,adncyc,-
adp,fbp,-
adp,agmhe,-
adp,glcs1,-
adp,tmpk,-
adp,prais,-
adp,prais,-
adp,glyk,-
adp,fruk,-
adp,pfk,+
adp,acgamk,-
adp,pthrpp,+
adp,nads1,-
adp,glu5k,-
adp,pta2,-
adp,dbts,-
adp,ndpk1,-
adp,gtpci,-
adp,asnn,-
adp,gsnk,-
adp,tmppp,-
adpglc,agmhe,-
adpglc,glcp2,-
adpglc,udpgalppp,-
ag,fum,-
ag,asnn,-
amp,acs,-
amp,prpps,-
amp,argtrs,-
amp,pydamk,-
amp,asns2,-
amp,selnps,-
amp,rpi,-
amp,tmpk,-
amp,dasyn120,+
amp,gluprt,-
amp,fmnrx2,-
amp,fmnrx2,-
amp,pthrpp,+
amp,nads1,-
amp,acald,-
amp,acald,-
amp,dgk1,-
amp,pps,-
amp,glcp2,+
amp,pyk,+
amp,asnn,+
amp,fbp,-
amp,glns,-
amp,glgc,-
amp,atpprt,-
anth,igps,-
aps,adsk,-
ara5p,rpi,-
ara5p,tala,-
ara5p,tkt1,-
arg_L,acgs,-
arg_L,agmt,-
aso4,piuabcpp,-
aso4,mgsa,-
asn_L,asnn,+
asn_L,asns2,-
atp,pthrpp,+
atp,gsnk,+
atp,gsnk,+
atp,3ntd2pp,-
atp,ntd1,-
atp,fbp,-
atp,ntp12,-
atp,adncyc,-
atp,cs,-
atp,pfk,-
atp,glyk,+
atp,ldh_d,-
atp,ppck,-
atp,gdptpdp,+
atp,gnd,-
atp,3kgk,-
atp,rndr1,+
atp,aspct,+
atp,mthfd,-
atp,pyk,-
atp,pta2,-
atp,gmpr,-
atp,gtpci,-
atp,asnn,-
atp,hsdy,+
atp,tmppp,-
atp,manao,-
ala_b,pragsr,-
lipidads,moat2,-
lipidads,moat,-
ca2,admdc,+
ca2,ppck,+
ca2,ppa2,-
ca2,3oar100,-
ca2,u23gaat,-
ca2,dhfr,-
ca2,adncyc,-
ca2,glycdx,-
ca2,ppa,-
ca2,pgsa120,-
ca2,adpt,-
ca2,gmand,+
ca2,manao,+
ca2,pyk,-
ca2,pyk,+
ca2,kdopp,-
ca2,icl,-
ca2,mcitl2,-
ca2,prpps,-
ca2,dagk160,-
ca2,asnn,+
ca2,ppm2,-
ca2,bpnt,-
15dap,dhfr,-
camp,me2,-
cbp,glns,-
cd2,acoda,-
cd2,thrd,+
cd2,fum,-
cd2,gals3,-
cd2,acgs,-
cd2,a5piso,-
cd2,asp1dc,-
cd2,kdopp,-
cd2,kdops,-
cd2,ppm2,-
cd2,fci,-
cdp,ppc,+
chol,betaldhx,-
acon_c,icl,-
cit,fum,-
cit,fbp,+
cit,fba,+
cit,aspt,-
cit,chorm,-
cit,galctd,-
cl,ghmt2r,-
cl,dhqti,-
cl,fhl,-
cl,kdopp,-
cl,icl,-
cl,glcral,-
cmp,kdoct2,-
cmp,ppc,+
cmp,gsnk,+
cobalt2,admdc,+
cobalt2,ntd10,+
cobalt2,udpgalppp,+
cobalt2,23pde2pp,+
cobalt2,taudo,-
cobalt2,amptasecg,+
cobalt2,glcrd,-
cobalt2,thdps,-
cobalt2,argsl,+
cobalt2,acoda,+
cobalt2,kdopp,+
cobalt2,sulri,-
cobalt2,3ntd2pp,+
coa,oxcdc,-
coa,3oar100,-
coa,g3pat120,-
coa,gnd,-
coa,3oar100,-
coa,mohmt,-
coa,pntk,-
coa,maltatr,-
coa,forct,-
coa,ptpati,-
cyan,cat,-
cyan,spodm,-
cyan,selcyss,-
6pgc,pgi,-
6pgc,ddpgala,-
mal_D,aspt,-
mal_D,dogulnr,-
ppal,drpa,-
2pglyc,tpi,-
2pglyc,mgsa,-
cynt,hco3e,-
cynt,cbps,-
aso3,sulri,-
aso3,trdr,-
ap5a,adk1,-
uama,glur,+
uama,uaagds,-
ctp,dxylk,-
ctp,dasyn120,-
ctp,ctps2,-
ctp,cytdk2,-
ctp,aspct,-
ctp,glns,-
ctp,tmppp,-
cu2,acnml,-
cu2,asnn,-
cu2,gsnk,-
cu2,gsnk,-
cu2,23pde2pp,-
cu2,taudo,-
cu2,glycdx,-
cu2,lcadi,-
cu2,acgs,-
cu2,asp1dc,-
cu2,thdps,-
cu2,thrd,-
cu2,acnml,-
cu2,acota,-
cu2,glxcl,-
cu2,gui1,-
cu2,gui1,-
cu2,g5sd,-
cu2,csnd,-
cu2,acoda,-
cu2,alltn,-
cu2,kdopp,-
cu2,agpr,-
cu2,glcp2,-
cu2,kdops,-
cu2,3ntd2pp,-
cu2,ppm2,-
cys_L,cysdds,-
cys_L,argabcpp,-
cys_L,aoxsr2,-
cys_L,gui1,-
cys_L,gui1,-
cys_L,hsk,-
cys_L,serat,-
alaala,alaalar,-
alaala,alaalar,-
ala_D,ghmt2r,-
altrn,mnnh,+
cys_D,argabcpp,+
cys_D,cysdds,-
galct_D,glcrd,-
galct_D,glcral,-
glu_D,gludy,-
glu_D,glusy,-
glcr,glcral,-
mana,tagurr,-
tagur,mnnh,+
damp,ntpp1,-
datp,ntd1,-
datp,tyrtrs,-
datp,rndr1,-
dcdp,rndr1,-
dctp,ntd1,-
dctp,dasyn120,-
3dhq,dhqti,-
dtbt,accoac,-
dgtp,ntd1,-
dgtp,dgk1,-
dgtp,gtpci,-
dhf,dhfs,-
dhpmp,dntppa,-
dhap,g3pat120,-
dhap,mgsa,+
dha,acnml,-
dha,acnml,-
dtdpglu,g1ptt,-
dtdpglu,glcp2,-
dtdprmn,g1ptt,-
dutp,dctpd,-
fad,fmnrx2,-
fe2,acnml,-
fe2,admdc,+
fe2,altrh,+
fe2,sucbzl,-
fe2,acnml,-
fe2,mnnh,+
fe2,acota,-
fe2,agpr,-
fe2,ddpa,+
fe2,ppm2,-
fe3,admdc,+
fe3,ppm2,-
fald,mohmt,-
fdp,glyk,-
fdp,pfk,-
fdp,fruk,-
fdp,ppc,+
fdp,gnd,-
fdp,pyk,+
fdp,glgc,+
fdp,nndpr,-
fum,me2,-
fum,asp1dc,-
3pg,mgsa,-
3pg,pthrpp,+
3pg,icl,-
g3p,ddpgala,-
gdp,gluprt,+
gdp,orndc,+
gdp,ntptp1,-
gdp,pfk,+
gdp,gdmane,-
gdp,dgk1,-
gdp,ndpk1,-
gdp,gtpci,-
gdp,gsnk,-
gdp,gsnk,-
gdptp,lysdc,-
gdptp,orndc,+
gln_L,gludy,-
glu_L,dapdc,-
glu_L,me2,+
glu_L,asnn,-
glu_L,gf6pta,-
glu_L,asnn,+
glcn,mnnh,-
gly,fthfd,-
gly,serat,-
gly,pgcd,-
gly,glns,-
glyald,betaldhx,-
glyc,glyk,-
glyc3p,g3pd2,-
glyc3p,fba,+
glyc3p,pgsa120,-
glyc3p,glyk,-
gcald,gcaldd,-
glyclt,mals,-
glyclt,icl,-
gmp,gluprt,-
gmp,gluprt,-
gmp,adpt,-
gmp,impd,-
gmp,gsnk,-
gmp,adpt,-
gtp,gluprt,+
gtp,orndc,+
gtp,pyk,-
gtp,ntp12,-
gtp,adncyc,-
gtp,ntptp1,-
gtp,upprt,+
gtp,ctps2,+
gtp,ppc,+
gtp,mthfd,-
gtp,dgk1,-
gtp,ndpk1,-
gtp,ndpk1,-
gtp,gsnk,-
gtp,tmppp,-
gsn,dgk1,-
ppgpp,lysdc,-
ppgpp,orndc,+
ppgpp,upprt,+
ppgpp,adpt,-
ppgpp,gdpdpk,-
ppgpp,adss,-
ppgpp,gtpdpdp,-
ppgpp,orndc,-
cyan,trdr,-
cyan,glcp2,-
cyan,sulri,-
cyan,glcral,-
cyan,nodox,-
hg2,betaldhx,-
hg2,rmpa,-
hg2,icl,-
hg2,asnn,-
hg2,pgpp120,-
hg2,fum,-
hg2,acgs,-
hg2,a5piso,-
hg2,asp1dc,-
hg2,sucbzl,-
hg2,thrd,-
hg2,abta,-
hg2,kdopp,-
hg2,glcp2,-
hg2,kdops,-
hg2,glxcl,-
his_L,histp,-
his_L,glns,-
his_L,atpprt,-
histd,histp,-
histd,histrs,-
4ahmmp,hmpk1,-
hcys_L,hsk,-
hom_L,gludy,-
hom_L,hsk,-
hom_L,aspk,+
h2o2,spodm,-
h2o2,csnd,-
ile_L,achbs,-
iasp,aspo6,-
imp,prascsi,-
imp,gluprt,-
imp,adpt,-
imp,cbps,+
imp,mthfd,-
imp,dgk1,-
k,nadh16pp,+
k,gtpci,+
k,uacmamo,+
k,pfk,-
k,fba,+
k,betaldhx,+
k,cs,+
k,glycdx,+
k,tmpk,+
k,tre6ps,+
k,dhfr,-
k,cbps,+
k,impd,+
k,me2,+
k,glxcl,+
k,tmk,+
k,asad,-
k,dgk1,+
k,gtpdpdp,-
k,uapgr,+
k,uaagds,+
k,hsdy,+
k,nmnat,+
kdo,glcral,-
kdo8p,kdops,-
lipa,moat2,-
lipa,moat,-
kdo2lipid4,moat2,-
kdo2lipid4,moat,-
ala_L,ddpa,-
ala_L,serat,-
ala_L,glns,-
asp_L,me2,+
asp_L,asnn,-
asp_L,ppc,-
asp_L,aspt,+
asp_L,glusy,-
citr_L,acgs,-
cyst_L,argabcpp,-
glu5sa,ctps2,-
glu5sa,gf6pta,-
orn,cbps,+
orn,argdc,-
orn,acoda,-
orn,agmt,-
pant__r,dpr,-
pant__r,mohmt,-
lald_L,lcadi,-
ddcacoa,edtxs1,-
leu_L,ipps,-
leu_L,achbs,-
leu_L,valta,-
leu_L,achbs,-
leu_L,aspk,-
lys_L,hsk,-
lys_L,argdc,-
lys_L,dapdc,-
lys_L,aspk,-
lys_L,aspk,-
mal_L,ppc,-
26dap__m,argabcpp,-
met_L,mets,-
met_L,hsst,-
met_L,fthfd,+
met_L,glusy,-
meoh,ophbdc,+
mg2,mddcp1pp,-
mg2,adk1,+
mg2,ppa2,+
mg2,3oar100,-
mg2,u23gaat,-
mg2,dhfr,-
mg2,g3pat120,+
mg2,gnd,+
mg2,gmand,+
mg2,manao,+
mg2,prpps,+
mg2,asnn,+
mg2,ppbngs,NIL
mg2,asnn,-
mn2,admdc,+
mn2,amptasecg,+
mn2,glcrd,-
mn2,thrd,+
mn2,mnnh,+
mn2,manao,+
mn2,agpr,-
mn2,asnn,+
mn2,altrh,+
mn2,asnn,-
acgam1p,g1pact,-
na1,dhfr,-
na1,glxcl,+
na1,asad,-
na1,gtpdpdp,-
nad,nadh16pp,-
nad,gals3,+
nad,cs,-
nad,acald,+
nad,aspo6,-
nad,dhqs,-
nad,asnn,-
nad,manao,-
nadh,me2,-
nadh,udpgd,+
nadh,cs,-
nadh,nadk,-
nadh,pta2,-
nadh,asnn,-
nadh,lcadi,-
nadp,me2,-
nadp,fmnrx2,-
nadp,fmnrx2,-
nadp,gnd,-
nadp,gdmane,-
nadp,dpr,-
nadp,sulri,-
nadp,asnn,-
nadp,p5cr,-
nadp,kara1,-
nadph,pthrpp,-
nadph,nadk,-
nadph,pta2,-
nadph,asnn,-
nadph,gthor,-
ni2,g5sd,-
ni2,amptasecg,+
ni2,fba,-
ni2,gals3,-
ni2,thrd,-
ni2,argsl,+
ni2,acoda,-
ni2,agpr,-
nicrnt,nndpr,-
no3,fhl,-
no3,glcp2,-
no3,glcral,-
no2,fhl,-
hpyr,acnml,-
hpyr,acnml,-
oaa,pps,-
oaa,cs,-
oaa,icdhyr,-
oaa,pthrpp,+
oaa,me2,-
oaa,citl,-
oxa,pps,-
oxa,mals,-
oxa,asp1dc,-
oxa,mals,-
oxa,icl,-
oxa,forct,-
oxam,ldh_d,-
gthox,gthor,-
o2,obtfl,-
o2,fhl,-
o2,qulns,-
pppi,metat,-
pppi,asnn,+
pmtcoa,g3pd2,-
pmtcoa,ear121x,-
pnto__r,mohmt,-
paps,adsk,-
phe_L,ddpa,-
phe_L,chorm,-
pacald,betaldhx,-
pep,icdhyr,-
pep,pgi,-
pep,pta2,+
pep,pta2,-
pep,pscvt,+
pep,icl,-
pep,fbp,+
pep,fba,+
pep,mgsa,-
pep,ppck,-
pep,pfk,-
pep,pthrpp,+
pep,pps,-
pep,fbp,-
pep,tmppp,-
ppi,acs,-
ppi,argtrs,-
ppi,adncyc,-
ppi,mgsa,-
ppi,tmpk,-
ppi,ntpp1,-
ppi,gtpcii2,-
ppi,aspt,-
ppi,gmps2,-
ppi,dntppa,-
ppi,ndpk1,-
ppi,glcral,-
ppi,g1ptt,-
ppi,asnn,+
ppi,galctd,-
ppi,glgc,-
ppi,tmppp,-
ppi,nndpr,-
ppi,metat,-
pphn,chorm,-
pphn,chorm,-
pro_L,glu5k,-
pro_L,p5cr,-
ppa,acs,-
ppcoa,cs,-
ppp9,cpppgo,-
ptrc,dhfr,-
ptrc,lysdc,-
ptrc,orndc,-
ptrc,argdc,-
pydx,pydamk,-
pydx5p,glgc,+
pydx5p,pdx5poi,-
pydx5p,pydamk,-
pydx5p,pscvt,-
pydx5p,gf6pta,-
pydx5p,gf6pta,-
pydx5p,pdx5poi,-
pydx5p,e4pd,-
pydxn,hmpk1,-
pydxn,hmpk1,-
pdx5p,pdx5poi,-
pyr,acnml,-
pyr,pta2,+
pyr,pta2,-
pyr,pscvt,-
pyr,mals,-
pyr,ldh_d,+
pyr,acnml,-
pyr,pthrpp,+
pyr,mohmt,-
pyr,mals,-
r15bp,ppm2,+
ru5p_D,gnd,-
ametam,admdc,-
amet,hsst,-
amet,metat,-
ser_L,serat,-
ser_L,pgcd,-
ser_L,psp_l,-
ser_L,glns,-
so3,cyanst,-
spmd,lysdc,-
spmd,dhfr,-
spmd,admdc,-
spmd,g3pat120,+
spmd,argdc,-
spmd,apcs,-
spmd,argdc,-
spmd,orndc,-
succ,dhqti,-
succ,asp1dc,-
succ,aspct,-
succ,icl,-
succoa,pyk,-
so4,cyanst,-
so4,fbp,+
so4,ppm2,-
o2s,tkt1,-
o2s,fum,-
tartr_L,glcrd,-
tartr_L,dogulnr,-
thf,mets,-
thf,mohmt,-
thmpp,ntp12,-
thr_L,hsk,-
thr_L,aspk,-
thr_L,hsdy,-
dtmp,gsnk,+
trp_L,ddpa,-
trp_L,ans,-
trp_L,ans,-
trp_L,glns,-
dttp,ntd1,-
dttp,dctpd,-
dttp,dntppa,-
dttp,gtpci,-
tungs,fum,-
tyr_L,valta,-
tyr_L,ddpa,-
tyr_L,chorm,-
udp,uaagds,-
uamag,uamags,-
ugmd,uaagds,-
uacgam,uag2e,+
uacgam,uaagds,-
uamr,uagcvt,-
uamr,g1pact,-
uamr,uaagds,-
ump,udpg4e,-
ump,cbps,-
ump,gsnk,+
utp,dxylk,-
utp,cytdk2,-
utp,gtpci,-
utp,tmppp,-
val_L,achbs,-
val_L,achbs,-
val_L,mohmt,-
xmp,gluprt,-
xtp,gtpcii2,-
zn2,betaldhx,-
zn2,igpdh,-
zn2,gsnk,-
zn2,gsnk,-
zn2,a5piso,-
zn2,admdc,-
zn2,me2,-
zn2,fum,-
zn2,nadh16pp,-
zn2,feropp,-
zn2,ap4as,+
zn2,ap4as,+
zn2,a5piso,-
zn2,gals3,-
zn2,23pde2pp,-
zn2,taudo,-
zn2,selnps,-
zn2,amptasecg,+
zn2,acgs,-
zn2,ocbt,-
zn2,adpt,-
zn2,asp1dc,-
zn2,thdps,-
zn2,phetrs,-
zn2,uhgada,-
zn2,lystrs,-
zn2,argsl,-
zn2,gui1,-
zn2,gui1,-
zn2,csnd,-
zn2,acoda,-
zn2,manao,+
zn2,adss,-
zn2,agpr,-
zn2,glcp2,-
zn2,kdops,-
zn2,3ntd2pp,-
zn2,ppm2,-
zn2,gcaldd,-
pep,pfk,-
pep,pfk,-
akg,pps,-
pyr,pdh,-
accoa,me1,-
coa,me1,-
atp,me1,-
pi,glun,-
akg,cs,-
